label,reviewId,userName,userImage,content,score,thumbsUpCount,reviewCreatedVersion,at,replyContent,repliedAt,appVersion
1,341b26e2-d6b1-46da-a3f6-490e68d7a59f,Kim Ryna,https://play-lh.googleusercontent.com/a-/ALV-UjVxSqc3puqNDwpym6k0GCb9iEF9afPF9WliAST7YkGZXHARBrUg,"waktu pembayarannya cuma 30 detik, baru buka aps pembayarannya udah habis waktunya kan gokil",3,0,3.3.2000,2021-07-26 5:44:29,,,3.3.2000
0,31f984a3-fa76-49f8-bbb1-8bab1b0c3f74,Rindy Rumengan,https://play-lh.googleusercontent.com/a/ACg8ocI-BBvncvGQshGJcoPw23SEHMRKTCMWZNG-DqVmHRb-FVCWvA=mo,dokter nya ramah dan penjelasannya mudah dipahami,5,0,6.8.2000,2024-08-21 13:04:21,,,6.8.2000
2,cf982e5b-82a1-4a4c-9eb7-94db09408d8a,Cah Nangkod,https://play-lh.googleusercontent.com/a/ACg8ocKyFgkTgJVXRtaIRjTk_nn2gQ1OAwulvJYuDjdgo2Le_3elAw=mo,chat dokter ga dibalas sudah bayar kita rugi uang tidak kembali sudah bayar terus menunggu lama ga ada respon dari dokter terus chat diakhiri aplikasi. akhirnya kita dirugikan biaya dan waktu menunggu lama. peecuma bayar kalau ga ada respon chat. buang² duit buang² wektu.,1,0,,2024-08-09 1:24:21,"Alo, Cah Nangkod! Mohon maaf atas ketidaknyamanannya. Untuk dapat kami bantu lebih lanjut terkait kendala yang kamu alami, silakan hubungi Customer Service kami melalui WhatsApp dinomor 081288880256 atau email support@alodokter.com -HR",2024-08-09 8:06:41,
1,2159f742-dbd2-4612-b97a-05fddf6bf5b7,sudarwati Aryani,https://play-lh.googleusercontent.com/a/ACg8ocKAZpR9kEpTMFOHq-QWjamK0B3S727jdxVgc3kywVfSpXChOg=mo,"i didnt know how alodokter proses obatnya. yang saya tau, how them proced sangat lama sekali. kenapa gak lgsg distribusi perintah permintaan obat ke masing2 wilayah terdekat, sehingga customer dapat obat mereka lebih cepat. intinya itu.. thanks.",3,0,3.2.2000,2021-07-08 2:30:51,,,3.2.2000
1,2487ac0d-6f18-442c-890f-0603d45b78d2,Resi Novia,https://play-lh.googleusercontent.com/a-/ALV-UjVUG7Ct8Zcx0rejRsffrSaz7t-IrdsZo_TsVIWVJZK75FhEwKXt,"konsultasi gk ada yg gratis, dulu gratis tapi sekarang semua bayar",3,0,3.0.0,2021-07-15 8:47:31,,,3.0.0
0,e0952465-9873-461b-b604-474eba1f244e,Ester Assa,https://play-lh.googleusercontent.com/a-/ALV-UjV3UT4qBSEzP8aCLYDno557YGoPhse6stdhjBN4nXd9HXtmodRn,"jawaban yang memuaskan,sehat selalu dokter tuhan memberkati",5,0,6.7.2000,2024-08-02 16:48:19,,,6.7.2000
1,229e9a59-fd40-4de5-b268-ef74bfcf9736,Randy Perkasara,https://play-lh.googleusercontent.com/a-/ALV-UjVQyQFtNOE4cccl79FK7N1wXk4ZpWGguFhDvNcu0tCGk0wVlXo,aplikasi nya bagus cuma sayang otomatis tidak bisa ketik sendiri,3,1,4.0.0,2022-02-22 14:12:16,,,4.0.0
2,8bd2eade-4b20-4f13-a58c-b191edbcf878,Mangkuk Kata,https://play-lh.googleusercontent.com/a-/ALV-UjWFmd8lZlQ4zj2K9JT2qFsroj8kNVrapego96jBWQDbsgX5uyP8,aplikasi ini tidak akurat. saya pilih dokter a justru yang muncul terakhir dokter z (yang ratingnya rendah). tolong diperbaiki. harusnya benar-benar bisa menanggulangi kesalahan ini.,1,34,6.4.2000,2024-03-21 7:20:02,"Alo, (Mangkuk Kata)! Mohon maaf atas ketidaknyamanannya. Untuk dapat kami bantu lebih lanjut terkait kendala yang kamu alami, silakan hubungi Customer Service kami melalui WhatsApp dinomor 081288880256 atau email support@alodokter.com-GE",2024-03-21 7:55:46,6.4.2000
1,a14f88e2-b54c-45ba-8acc-6c7706757f54,Fildzah N,https://play-lh.googleusercontent.com/a-/ALV-UjUM_KDF4mrVhoeo2ZgE7uhQqmyVJpR9I8TsVhIxjyUxZ07tCG5d,"tambahkan fitur audio/video call saat konsultasi dokter, terutama untuk konsultasi psikolog dan psikiater, masa dokter pakai alasan ""sebaiknya konsultasi langsung datang ke psikiater"" , biar liat langsung, lah apa gunanya pakai jasa konsultasi alodokter kalau suruh langsung ke rs dengan alasan perlu tatap muka",3,93,4.0.0,2022-02-12 2:10:27,,,4.0.0
1,5703e75a-e344-4715-8a3a-634643fa0e69,agus latif,https://play-lh.googleusercontent.com/a/ACg8ocKafylrel_LYzTf4ape20iwFJqHWxsdjF2G_UEmNeCVlgT8Jw=mo,sudah konsul dngn beberapa dokter dengan spesialis yang sama tapi setiap dokter jawabannya beda beda padahal topik yang di bahas sama,3,0,,2022-11-05 6:34:33,,,
2,cbe0e123-6ec8-41bf-a05a-e26a5857f49b,halida artalina,https://play-lh.googleusercontent.com/a-/ALV-UjXcQTYg1dVVxufQhJlCHlm4MUiZm0PF-RlraA7DJ5s5gKv4IeA,"chat kaya template, dijelasin gimanya keadaan, dibaca tok, notifnya dokter sedang menganalisis masalahmu, tapu luamaaaa setengah jam lebih tiba2 endchat, percuma bayar ga ada hasil apa2!",1,0,6.8.2000,2024-08-31 22:58:00,"Alo, (halida artalina)! Mohon maaf atas ketidaknyamanannya. Untuk dapat kami bantu lebih lanjut terkait kendala yang kamu alami, silakan hubungi Customer Service kami melalui WhatsApp dinomor 081288880256 atau email support@alodokter.com-GE",2024-09-06 7:58:55,6.8.2000
0,5a3ba140-e02d-4e8f-8812-1a68147ed9ee,Anis Farida,https://play-lh.googleusercontent.com/a/ACg8ocIi4tvfwlmIkzVmEMtT9QG0aM4VPWa2boHhEHMNj4mqDc_x1A=mo,terima kasih. respon dokter nya sangat cepat,5,0,6.8.2000,2024-09-01 15:21:23,,,6.8.2000
0,69575aec-d15b-4ec2-b472-d0a09ea7b6ca,Hayder Ali,https://play-lh.googleusercontent.com/a/ACg8ocLTXRt6nRBuz3BEgZzS_MbpNZDG_BmFJJL1feMH_mMrYGRZ2g=mo,bagus dan dan cepat dalam membalas chat,5,0,6.7.2000,2024-07-28 7:11:23,,,6.7.2000
0,eebaf4fd-485b-4052-9641-4bd259ba064f,ayus saputri,https://play-lh.googleusercontent.com/a-/ALV-UjWEwAMkMiDhGAknbF44JDAiKGFmi4Q1Bj-yqbnImQDXc9sZiE3N,awesome penjelasan sangat detail,5,0,6.8.2000,2024-09-02 14:20:33,,,6.8.2000
0,942512d3-bae2-4213-a343-2fb976278677,Liska leogirls,https://play-lh.googleusercontent.com/a/ACg8ocIZjeO8CBftLONLqYYFPlsLK17ZaoOlDQN4I_TeE9UMcA7wPA=mo,"saya puas dengan jawaban dokternya,,sangat bermanfaat sekali bagi saya yg new mom",5,0,,2024-08-18 3:21:50,,,
1,829ad8cd-37c5-4dd1-8c93-69a4d05b3ca7,Reka Yuneri,https://play-lh.googleusercontent.com/a-/ALV-UjUaS5QRk18eGrjbZZvh-mvQ96B1u-va9lM9BKqHhju6cdfDeTcQ,gak bisa bayar pake dana,3,0,,2023-11-15 6:20:27,,,
2,88bb30e5-dadf-4166-91fc-e98582276a06,airyn maritzha,https://play-lh.googleusercontent.com/a-/ALV-UjXeE3fIGdbBQ5gM1jEXGLpDuwGgQo0bu2VwoX8Y4s7ObAhgFGM,jelek pelayanan nya lambat bangettt,1,0,6.8.2000,2024-09-04 16:58:38,"Alo, (airyn maritzha)! Mohon maaf atas ketidaknyamanannya. Untuk dapat kami bantu lebih lanjut terkait kendala yang kamu alami, silakan hubungi Customer Service kami melalui WhatsApp dinomor 081288880256 atau email support@alodokter.com-GE",2024-09-06 8:04:42,6.8.2000
1,6ba1f42b-76b8-48eb-90a4-c8e0743963af,Maxwin permana,https://play-lh.googleusercontent.com/a-/ALV-UjVhXZznfmV2tM_rLQjG8Kd2WesQpaSWa8xyNxu5cVyMHSWFfOTP,3 dulu karna harus bayar,3,0,3.9.2001,2022-01-22 15:58:21,"ALO axa permana. Terima kasih telah menggunakan layanan Chat Bersama Dokter kami. Saat ini kami menyediakan layanan konsultasi gratis Dokter Umum.
Info syarat dan ketentuan lebih lanjut silakan hubungi kami melalui whatsapp di nomor 0812-88880-256. -RY",2022-01-23 1:09:25,3.9.2001
1,b86558a2-5801-4db2-bddd-d8c73e0c42ce,Kapten Wibu,https://play-lh.googleusercontent.com/a-/ALV-UjXnYJTvA_dAQMfQAlcC2RVH60WcQXoFcwwy2q3rylSIeqBSTjA,mohon bisa di tambahkan fitur bayar dengan pulsa yaa min,3,0,6.1.2000,2023-12-03 17:23:40,,,6.1.2000
2,0fcf9fac-e7d4-4943-9615-daafde519334,Ode Kustriani Atmaja,https://play-lh.googleusercontent.com/a-/ALV-UjVod0_uj_eWGmzSvya8QjBRc3yShsT2tjigTeKJdMYX_c5dPDA,layanan buruk,1,0,6.5.2000,2024-06-10 2:31:16,,,6.5.2000
0,39fdecc7-9cb7-4810-a8f5-77e80e2e028e,Susi Simamora,https://play-lh.googleusercontent.com/a/ACg8ocLeIQ-mcWVcHX-E2Ph-NZtvQZcB-uI2wXekNtbOt9Y9nTAW5w=mo,dokternya sangat ramah dan memberikan masukan yang sangat mudah dimengerti.,5,25,6.7.2000,2024-08-05 15:59:39,,,6.7.2000
2,d5468d4e-6007-4bb6-9cbb-6a360791f514,Al Chandungi,https://play-lh.googleusercontent.com/a-/ALV-UjW80lMUxOkXES9BEfNIQGnwHpvpW_fmTCXw93tvNZA1ebWL4_1S,sering kali macet,2,0,6.6.2000,2024-07-18 2:13:17,"Alo, Al Chandungi! Mohon maaf atas ketidaknyamanannya. Untuk dapat kami bantu lebih lanjut terkait kendala yang kamu alami, silakan hubungi Customer Service kami melalui WhatsApp dinomor 081288880256 atau email support@alodokter.com",2024-07-18 8:03:00,6.6.2000
0,5610f1e8-9240-4f35-912c-70ab2fd3d518,Linda Utami,https://play-lh.googleusercontent.com/a/ACg8ocJ12-oc8vUlR_oV4QH41HOUtWyg2NBvoX09UBWm386CgXSKCg=mo,dokter nya ramah sabar bgd,5,0,6.7.2000,2024-08-08 8:01:25,,,6.7.2000
2,939eb5a9-7693-477f-9f25-67b0b4540cb1,sanartiii,https://play-lh.googleusercontent.com/a-/ALV-UjUgeKWFGkR-SgHBYAjmZueQ43_bNtPtaAHpdnxnMt__6-wjwd52bw,lemotnya ngajakin ribut sumpah bikin emosi.,1,0,,2024-07-03 14:32:12,"Alo, sanartiii! Mohon maaf atas ketidaknyamanannya. Untuk dapat kami bantu lebih lanjut terkait kendala yang kamu alami, silakan hubungi Customer Service kami melalui WhatsApp dinomor 081288880256 atau email support@alodokter.com-GE",2024-07-04 8:01:46,
2,027d178c-d22a-4c8d-9e73-9f53df393da2,Nurismiyanti 06,https://play-lh.googleusercontent.com/a/ACg8ocIMdbBhmr0W9b6P-nujXVf0j4jMt0-v2paCLTuxeHqvWVlwQZQ=mo,mau cekout obat tidak bisa terus terjadi kesalahan? tolong dong di tingkatkan lagi,1,0,6.5.2000,2024-06-11 11:56:38,"Alo, Nurismiyanti 06! Mohon maaf atas ketidaknyamanannya. Untuk dapat kami bantu lebih lanjut terkait kendala yang kamu alami, silakan hubungi Customer Service kami melalui WhatsApp dinomor 081288880256 atau email support@alodokter.com -YR-

",2024-06-12 8:22:22,6.5.2000
2,26c4cd15-097d-4777-9804-76a5d1729635,Banner S Club,https://play-lh.googleusercontent.com/a-/ALV-UjWX4wQy1Fp1YkaAoH4HLkbrMwYtvREc__ZxSy43EJAH1jAO70og,"cari masalah apa gimana,udah di download masih iklan..",1,1,6.3.2000,2024-02-12 12:02:55,"Alo, Banner S Club! Mohon maaf atas ketidaknyamanannya. Untuk dapat kami bantu lebih lanjut terkait kendala yang kamu alami, silakan hubungi Customer Service kami melalui WhatsApp dinomor 081288880256 atau email support@alodokter.com -YR-

",2024-02-13 8:17:26,6.3.2000
2,0135fd22-432a-4981-bf1d-00b066d8ee18,Auliyana Rahma Dewi,https://play-lh.googleusercontent.com/a-/ALV-UjU6FzDnFpbEsZ6laa7M60mEAgS7Qsi0t4QO8avG3RVe9ngA6ftf,"customer services kurang membantu, lama prosesnya cuman via wa, tidak bisa protes kalau barang yang dikirim salah. harga dan kuantitas yang tercantum di aplikasi tidak sesuai dengan jumlah barang yang di dapat saat sampai di rumah (harusnya 24 ribu dapat 2 pcs, malah cuman satu yang dikirim). kalau ngajuin pembatalan terkait janji cek kesehatan susah, prosesnya lama. tidak bisa kasih catatan juga buat apotek kalau mau kasih notes saat beli barang",2,0,6.7.2000,2024-09-01 12:14:15,,,6.7.2000
2,fa879e0a-14dc-4cbf-8912-64fa57d7bfee,Leli Manullang,https://play-lh.googleusercontent.com/a-/ALV-UjWNz9ggTnI7Z5KysZC-dqGRcJAaKkJW1WphaDwO_RLNfFkO2eYi,kenapa setiap mau liat riwayat pembelian obat selalu lemot??? tolong diperbaiki sekelas alodok kok begini,2,2,6.3.2000,2024-03-16 13:08:49,"Alo, Leli Manullang! Untuk dapat kami bantu lebih lanjut terkait kendala yang kamu lami, silakan hubungi Customer Service kami melalui WhatsApp dinomor 081288880256 atau email support@alodokter.com. -HR",2024-03-18 6:52:39,6.3.2000
0,84422093-b0bb-4777-b0e2-d4f29223db71,Noviya Noviya,https://play-lh.googleusercontent.com/a/ACg8ocIchhxDadmP64x2MgGbz0-9HdmL8u2xsoubZIt-B12-AtckCQ=mo,memudahkan kita untuk dapat pelayanan walaupun saat travelling,5,42,6.7.2000,2024-07-19 21:57:37,,,6.7.2000
0,aba059cc-986f-4494-896b-4b7463d67d72,Wahyu Wilia Saputri,https://play-lh.googleusercontent.com/a-/ALV-UjWLLnpL1uBds4D8anwFJ9MxcCoB1WbttZmsB0kPNdMZK52nu-Ge,"pertanyaan di jawab dengan baik, dokter jg ramah terimakasih",5,0,6.7.2000,2024-08-04 15:35:37,,,6.7.2000
0,a888a4ec-7de9-4553-af0d-4b39125a14f3,Nelly Saragih,https://play-lh.googleusercontent.com/a-/ALV-UjXoOg1ccRbTeZSpY-_-WrmQAm5Wrd6OLuwuSPzBhZzJj1q3e6p0,dokter menjawab dengan sangat jelas. terima kasih dok,5,0,6.7.2000,2024-08-11 13:57:14,,,6.7.2000
0,541bf92f-ae98-4749-a7a1-2ae162fcdec6,Tati Suharti,https://play-lh.googleusercontent.com/a-/ALV-UjVIDTd2OisiWViTtxbMQxWWOz64tYgpxg6T5Hg6T5SUSAHdlG-8,dokter yg sabar makasih dg semuanya,5,0,6.8.2000,2024-08-28 9:01:42,,,6.8.2000
1,8a3f7dde-83a2-4eeb-b651-45b337c13bb9,Fitri Uswatun,https://play-lh.googleusercontent.com/a/ACg8ocIFoBGcd-Ae0lnuLg5CYsnDFPO0xGy9g45pDMrxUSMtjT3wWw=mo,membantu sih tapi sekarang berbayar.,3,0,,2022-02-21 11:36:56,"ALO Fitri Uswatun, Terima kasih telah menggunakan layanan Chat Bersama Dokter kami. Semoga sehat selalu. -NV",2022-05-20 7:38:06,
0,91260d14-afce-4671-926e-a1215b2a55b5,Wafa Fauziyah,https://play-lh.googleusercontent.com/a/ACg8ocIGqeW5ISP_My4QzPPgan_6-6howlojcb3BYxyBpxEIKs8cnA=mo,dokternya sangat sabar dan baik,5,0,,2024-09-02 8:49:28,,,
0,23daeb3b-802c-47a0-9cc7-66e624016607,Delma Yulita,https://play-lh.googleusercontent.com/a/ACg8ocLoB9NK9-cZBa4JXdBXQcIc7mJRyAMq_GvCrU1Q-fyCKbGMYg=mo,sangat membantu. terimakasih puas dengan pelayanan nya semua,5,2,6.7.2000,2024-07-24 6:54:38,,,6.7.2000
2,1754e57a-0fd9-4387-a978-eecec6f06780,Siti Khotijah,https://play-lh.googleusercontent.com/a-/ALV-UjUVwdlqAfpDXh2Rer3YTGgn9PCui4khaiYG0XQW1A72iwW35VY,nyesel... gak bisa di verifikasi... aslinya sih gak mau kasik bintang tadinya...,1,0,6.3.2000,2024-02-10 1:45:52,"Alo, Anggi Puspita! Untuk dapat kami bantu lebih lanjut terkait kendala yang kamu lami, silakan hubungi Customer Service kami melalui WhatsApp dinomor 081288880256 atau email support@alodokter.com. -MR",2024-02-12 10:21:41,6.3.2000
1,3d302026-cb4c-4973-b6f4-439447751bd6,Nabil Jaya,https://play-lh.googleusercontent.com/a/ACg8ocIteaqokIWf0EqKdwfVCkVQATkj2S3KvdUJCC3aFRqKmY296A=mo,tidak ada dokter spesialis gastroenterologi di konsultasi online,3,1,6.6.2000,2024-07-12 20:52:36,,,6.6.2000
0,2e5f3a96-9d09-4afc-a787-4b450f85b585,dewi yasyinta,https://play-lh.googleusercontent.com/a/ACg8ocLdVjBQIQDrfEdLWCLJuoJcvuypUGrE2NAQVxBM2xEIEnbypg=mo,nyaman berkonsultasi di alodokter,5,0,6.7.2000,2024-08-06 19:02:43,,,6.7.2000
0,e86bb651-9a09-4179-92ef-999b6f456f9e,aysha rahma said,https://play-lh.googleusercontent.com/a/ACg8ocIDDFKuOh2OHU48z7JajZjrTdm6IOOKtDO1P-UMmB5aIWTBTA=mo,dokternya sangat clear menjelaskan dan menjawab pertanyaan saya.,5,0,6.8.2000,2024-09-03 14:07:35,,,6.8.2000
0,d073af71-dc27-4fb8-b678-0441f9f85c10,Mirza Aditya M.O,https://play-lh.googleusercontent.com/a-/ALV-UjXdUCA9oXk7TPspw0b1d9dseTvdsX8_0dmDXV1cMTCwxCDMpZw,dokternya komunikatif dan informatif,5,0,6.7.2000,2024-08-02 7:17:18,,,6.7.2000
2,2a7502ad-4168-4603-803b-e19543ce0385,Nur Syahidah,https://play-lh.googleusercontent.com/a-/ALV-UjWrN7Z4QOGQC5bPMJhaOwh5U_Wh8W1okR6id4ZE8cNgMSjv8rDbZw,"baiknya fitur untuk ganti pembayaran tersedia bisa diubah seperti di e-commerce, misalnya kita salah klik pembayaran yang harusnya mau pake shopeepay malah tidak sengaja klik pembayaran bank yaa otomatis gabisa ganti metode bayarnya ke shopeepay karena gaada fitur nya",2,47,6.3.2000,2024-03-21 2:43:31,"Alo, (Nur Syahidah)! Mohon maaf atas ketidaknyamanannya. Untuk dapat kami bantu lebih lanjut terkait kendala yang kamu alami, silakan hubungi Customer Service kami melalui WhatsApp dinomor 081288880256 atau email support@alodokter.com-GE",2024-03-21 7:57:19,6.3.2000
1,098191fd-14a9-4ade-a911-730995e443f2,Suhar to,https://play-lh.googleusercontent.com/a-/ALV-UjVACZgmbyyKEDSJpuHGzQtKeROYk1Qz5SYdmgl0tYIcDV31pN3C,tunggu untuk mecobanya dulu bagaimana mau beri bintang dicoba saja belum,3,0,4.3.2000,2022-05-03 18:47:35,,,4.3.2000
1,9dd84ed5-3cdb-40eb-a264-bc8500db5a57,Muhamad Lukman Kartiana,https://play-lh.googleusercontent.com/a-/ALV-UjXb36NgiQ5Y5vSVt0ifCF6ycfCtnsDbQFBdCsqoUBKj4sHLxz1t,bagus untuk kesehatan,3,0,4.3.2000,2022-04-30 12:07:59,,,4.3.2000
0,b8f05c4c-9aef-4925-920b-23bb197a309e,ROSE MIATY,https://play-lh.googleusercontent.com/a/ACg8ocJRtoRg3EgPOQdb1qblCJpdBTpwrkdAzpW1cJvXFc9kFqlaTw=mo,alodokter ini suatu aplikasi yang bagus yang sangat bermanfaat bagi kita semua yang membutuhkan konsultasi secepatnya atas sakit penyakit kita. hanya untuk penyakit dalam organ tubuh kita perlu mengunjungi dokternya agar tidak salah pengobatan.,5,147,6.8.2000,2024-08-24 23:14:54,,,6.8.2000
0,345bdd8e-184c-4114-a41f-f8df9c35cc84,Pulau Dayak Chanel,https://play-lh.googleusercontent.com/a-/ALV-UjWBQIo1KZ9fEsqDt3nzLr9OmenGIW61kticyK4v8SuzDWfy-wEm,pelayanannya pendaftaran memuaskan,5,0,,2024-09-02 11:25:26,,,
1,9844efd7-c48b-4b1b-ad54-18457c3a0a6a,Pratama Putra,https://play-lh.googleusercontent.com/a-/ALV-UjV_1QsSuJGgyaO4_9EtyEMEQjR6kcLTIGFB3nMPrqOsrC-TVaY,terimakasih . aplikasi nya membantu tp . harga nya mahal skli nanya 30 ribu ...,3,0,3.2.2000,2021-07-01 13:54:58,,,3.2.2000
2,b54a7245-4977-478e-95c2-5d957f99182f,RachelKim 99,https://play-lh.googleusercontent.com/a-/ALV-UjUricS3jrMFxw-LCpYOoHaUHdZEwby6IhtXyfTW2qlGgJhmXgI,ini bug atau bagaimana ya? ngga bisa login/daftar. habis verifikasi otp ngga ada tombol lanjut,1,19,6.5.2000,2024-05-13 3:49:17,"Alo, RachelKim 99! Untuk dapat kami bantu lebih lanjut terkait kendala yang kamu alami, silakan hubungi Customer Service kami melalui WhatsApp dinomor 081288880256 atau email support@alodokter.com. -RY",2024-05-14 9:01:53,6.5.2000
2,52f19f47-280d-4998-a85f-c28fcdb41c45,Clarissa Syahnaz Aulia,https://play-lh.googleusercontent.com/a-/ALV-UjU3749QHc6UEVKyU3uVso2Lb3IQ2nri3U6Gm-VFrOWZN3PanOR2Qg,"tolong diperbaiki agar chat nya tidak otomatis tertutup, saya mau konsultasi tengah malam dokter nya slow respon sehingga saya pun gak monitoring hp, tiba2 chat tertutup padahal pertanyaan saya belum selesai dijawab & biaya chat tengah malam agak mahal",2,2,,2024-04-17 1:56:57,,,
1,8d286823-79bb-44f5-942d-b916bf1cd057,sandova siallagan,https://play-lh.googleusercontent.com/a-/ALV-UjXYUZp1oVdw8SniImJolD9q1IdWYVmmq3P1D25zdCVZeoFXte_o-g,udah di update tapi tetep ga bisa dibuka,3,0,3.3.2000,2021-07-22 10:18:24,,,3.3.2000
2,c760ce32-4244-4a52-b44c-03a34942c71a,Surya Wibisana,https://play-lh.googleusercontent.com/a-/ALV-UjVuGTZ2cMVZZoteLe1MxLdhat2_TiLrke-fOmnxGERX7krwj1d2KQ,"chat dokter spesialis berbayar tapi jawabannya satu dua patah kata, sangat tidak memuaskan, mending cari rujukan bpjs. masih lebih baik pelayanan tatap muka bpjs daripada bayar 45.000 , pelit jawaban.",1,8,6.8.2000,2024-09-01 9:37:13,"Alo, (Surya Wibisana)! Mohon maaf atas ketidaknyamanannya. Untuk dapat kami bantu lebih lanjut terkait kendala yang kamu alami, silakan hubungi Customer Service kami melalui WhatsApp dinomor 081288880256 atau email support@alodokter.com-GE",2024-09-06 8:01:00,6.8.2000
1,021721ff-74c4-4883-a11b-a66748b54455,Yanti Suryani,https://play-lh.googleusercontent.com/a/ACg8ocI2_czYku0xmRYSgS6MQA347ntalt4ITkzu3gUUBlpDAoU_YQ=mo,jadi tau apa yang harus di lakukan terlebih dahulu,3,0,3.4.2001,2021-12-05 8:15:13,,,3.4.2001
2,63d650bf-f5fb-456f-a4bd-2ab3f826b64e,Nuryanti -,https://play-lh.googleusercontent.com/a-/ALV-UjXnmcLnSkCFZG8VyYmHp4flnn1VhykyuEfjKSi9XFZ3-XtMnHUnfA,"mengecewakan saya chat dg spkk, berbayar, tapi 30 menit tidak efektif. chat tidak masuk² meskipun sudah di refresh. alhasil tidak ada solusi dr dokter.",1,1,6.8.2000,2024-09-04 7:17:36,"Alo, (Nuryanti)! Mohon maaf atas ketidaknyamanannya. Untuk dapat kami bantu lebih lanjut terkait kendala yang kamu alami, silakan hubungi Customer Service kami melalui WhatsApp dinomor 081288880256 atau email support@alodokter.com-GE",2024-09-06 8:02:36,6.8.2000
1,1f7cf180-5eca-479c-85cb-b349c0e428f0,Adhee Donny,https://play-lh.googleusercontent.com/a-/ALV-UjUlRgZAdOLtUx_yRRpsnh6xC3OgoEzGMCUHwuE7rVGd0apnvqU,dulu gratis skrng bayar,3,0,,2022-02-21 10:50:48,"ALO Adhee Donny, Terima kasih telah menggunakan layanan Chat Bersama Dokter kami. Semoga sehat selalu. -NV",2022-05-20 7:38:20,
0,48f0e624-8248-42f4-ba8d-e5811eb8e533,Janna Tunnisa,https://play-lh.googleusercontent.com/a-/ALV-UjWdXe4gbZf1WiUxzxStmzZRsPA0VE3xUXZm9NO9USK83u3xxxfl,penjelasan sangat detail dan dokternya ramah good joob,5,0,6.8.2000,2024-09-07 14:29:55,,,6.8.2000
2,81525f35-bd6e-44c0-aad9-ac6f06ca0b1a,Tiadaguna Lagi,https://play-lh.googleusercontent.com/a/ACg8ocIO6c6nEUIYlfS3RPdrI44YrNtpjAmAh38d7t5iGPGILHpDJQ=mo,respon nya lama bikin kecewa,1,1,6.7.2000,2024-08-05 12:22:50,"Alo, Tiadaguna Lagi! Mohon maaf atas ketidaknyamanannya. Untuk dapat kami bantu lebih lanjut terkait kendala yang kamu alami, silakan hubungi Customer Service kami melalui WhatsApp dinomor 081288880256 atau email support@alodokter.com

",2024-08-06 8:26:52,6.7.2000
1,9ae82288-a132-4c23-a8de-6d029ae21ad4,Alert Llama17,https://play-lh.googleusercontent.com/a/ACg8ocKi3q4PNAoRfqZzRoyQHnEAtMEPHas9SxjiHo6-vIpiyHe0tA=mo,tolong tahun lahirnya di tambahkan lagi. mau atur tanggal hari batas maksimal cuma sampe tahun 2005.,3,2,4.0.0,2022-02-21 3:53:39,,,4.0.0
0,d8945ed1-fddc-4f0b-b858-17f3be1a00bc,Kevin andrean,https://play-lh.googleusercontent.com/a/ACg8ocII9JYJefRabCFsnlvOVjprD3zYmNhWF-rrzMIZj7a9rKgkIQ=mo,"sangat baik sekali,puas dg layanan alodokter",5,0,6.7.2000,2024-08-06 14:14:47,,,6.7.2000
0,224870be-d74e-42d5-a95c-1f1b250cbd20,Yuliana Nauraadam,https://play-lh.googleusercontent.com/a/ACg8ocIdT0asA8udn-e5Wh0vD7A87mJ4KnDqrGRhOMekn4EQqN4wtA=mo,membantu sekali tanpa harus ke rumah sakit,5,0,6.7.2000,2024-07-25 2:52:15,,,6.7.2000
0,86d413ac-dc2b-4a27-b54b-c04fab5b940a,samsul,https://play-lh.googleusercontent.com/a-/ALV-UjVRjMhZnLhe8Kz3K5v5maBr6FvIWLoNONQIyuExhhZmSvo_bSk,sangat bermanfaat dan membantu penjelasan dari dokter nya,5,0,6.7.2000,2024-07-20 12:20:01,,,6.7.2000
1,3625e3be-58ae-4b00-b0c7-1c9779774ead,Garrz XD,https://play-lh.googleusercontent.com/a-/ALV-UjWznbkuIMaA_AGjqhhsp5VFAb1GIybcEVl2VTYItuLGPYk9he8V,tambahin dong fitur diskusi kaya yang di web nya,3,0,,2022-03-22 11:44:17,,,
2,8a085609-3f6a-4f0e-95f1-b8d4f9c3f45e,Fajar diandra,https://play-lh.googleusercontent.com/a-/ALV-UjXGrSEGdlq4WTdPzfTmWZBeFJS3lwaSc_vXr7DsqnuxnMwoOLVk,asuransi terburuk yang pernah ada,1,0,,2024-08-01 11:44:46,"Alo, (Fajar diandra)! Mohon maaf atas ketidaknyamanannya. Untuk dapat kami bantu lebih lanjut terkait kendala yang kamu alami, silakan hubungi Customer Service kami melalui WhatsApp dinomor 081288880256 atau email support@alodokter.com-GE",2024-08-02 8:07:21,
0,a9dd8ac2-e8de-4ef4-a4cf-e47fb6d2d78d,Michael Jonathan Silalahi,https://play-lh.googleusercontent.com/a-/ALV-UjVtPndIGaySHpdxxj3fj2vIW-K5Jm82UoMg2tUmlfqi0LI-Ib8C,sangat membqntu dan dokternya baik dan sabar menjawab pertanyaan. dojternya juga pinter. makasih ya,5,0,6.7.2000,2024-08-09 12:14:03,,,6.7.2000
0,940010b4-f0ed-4468-a9e3-069701ba44b5,Nora Sitorus,https://play-lh.googleusercontent.com/a/ACg8ocLXsYqgHoi9MmwtfUVWUw7GqonSpa0BwqwH2xz_Or4JiD6vAA=mo,respon sangat membantu dan mudah dipahami,5,0,6.7.2000,2024-08-08 14:40:37,,,6.7.2000
0,ee0cf733-2bd9-4427-bd93-5c94e12c3c14,Aini Febriani,https://play-lh.googleusercontent.com/a/ACg8ocJtodfFPtdVSwy055qHkqBSPN9Ope_g_AllT_Rp6FMX4_R3BA=mo,terbaik pokonya. semoga cocok dan cepet sembuh juga.,5,0,6.7.2000,2024-08-09 15:06:36,,,6.7.2000
1,7e8b11cb-a28c-4076-baaf-d151ca91ff6a,Eka Lestari Nur,https://play-lh.googleusercontent.com/a/ACg8ocIBz9aZGIyE0q8MjobAS4TkmX7OH0WTw0hlSOyb8h0nZ7_7=mo,terima kasih dok sudah memberi saran,3,0,3.9.2001,2022-01-21 13:13:44,,,3.9.2001
0,ee4794ba-0eaa-4ff6-b343-07445e2a35d6,Maria Hadianti,https://play-lh.googleusercontent.com/a-/ALV-UjVXWPZHKOLM7kHOFY9k_B5doItcUebElZMDRXsvvYrwoypziaGm2Q,dokternya ramah dan membantu sekali,5,0,6.6.2000,2024-07-25 11:20:09,,,6.6.2000
1,ec8323be-216a-4077-860a-4d2961fd124f,Embem,https://play-lh.googleusercontent.com/a-/ALV-UjWJhMyOhb-pNzz5sk8f-IMKuo5VLNfUv9MbMhHImcARRsH9O_dTOw,"kenapa sekarang alodokter gak ada yang gratis,",3,0,3.8.2000,2021-12-14 1:40:02,"Alo, Embem! Terima kasih telah menggunakan aplikasi Alodokter sebagai partner layanan kesehatan Anda. Saat ini untuk konsultasi gratis hanya diberikan ke pengguna baru saja dan konsultasi gratis diberikan secara terbatas. Informasi lebih lanjut dapat hubungi kami melalui layanan Whatsapp di nomor 0812.8888.0256. Terima kasih. -HR",2021-12-14 3:20:40,3.8.2000
2,3ebeba87-d228-4fc8-ba81-07717fad35f2,Rano Purwanto,https://play-lh.googleusercontent.com/a/ACg8ocK2utM77oJ4PkaxmO--zXpUHNMH1DashcGICFDGo600PKrzlA=mo,"dokter banyak yang scam , sudah bayar dan dokter tidak merespon selama 30 menit maka percakapan otomatis ditutup, untung doang buat mereka, semoga jadi penyakit uang yg meraka dapat",1,0,,2024-08-09 4:09:21,"Alo, Rano Purwanto! Mohon maaf atas ketidaknyamanannya. Untuk dapat kami bantu lebih lanjut terkait kendala yang kamu alami, silakan hubungi Customer Service kami melalui WhatsApp dinomor 081288880256 atau email support@alodokter.com -HR",2024-08-09 8:07:19,
0,f371ab50-cd9b-48c1-845e-5132b378ea61,Mukti Mok,https://play-lh.googleusercontent.com/a/ACg8ocLKrdLsQYU95MIket1udOiUHM6yVi0YsCtGu3On4XD0-Hs0Ag=mo,jawaban dan pelayanan dr imanuel. sangat memuaskan,5,0,6.7.2000,2024-07-19 8:07:58,,,6.7.2000
1,8821b8f3-ac5d-4894-82e8-f5ab7e9d5138,F_Azura Salsabila,https://play-lh.googleusercontent.com/a-/ALV-UjWjeodTC9sbQwGJrs6xwIIp5FABPSyRKId8mpatprGa_hgf7l9N,"segini dulu,nanti tambahin kalo puas",3,0,3.7.2000,2021-12-02 4:06:16,,,3.7.2000
2,63ab5ef9-a21b-49a5-bae4-342a846efb77,Adde Oriza Rio,https://play-lh.googleusercontent.com/a/ACg8ocKZP20hI8GVDdkRsrx3LYmY52I3br2hLU4cYaANqWLzF2q_cw=mo,chat saya tidak dibalas dokter padahal saya sudah bayar biaya konsultasi.,1,0,6.8.2000,2024-08-25 19:21:42,"Alo, Adde Oriza Rio! Mohon maaf atas ketidaknyamanannya. Untuk dapat kami bantu lebih lanjut terkait kendala yang kamu alami, silakan hubungi Customer Service kami melalui WhatsApp dinomor 081288880256 atau email support@alodokter.com",2024-08-29 8:02:06,6.8.2000
0,4c458768-cc7b-4761-8ce3-735c1baced4b,triya wardani,https://play-lh.googleusercontent.com/a-/ALV-UjVSgsAXC7hEWAkWhw4hEAtYUtO1Lz6MHOgtFs1wqtacG1nTQOE,dokter sangat ramah dan memberikan penjelasan dg jelas,5,0,6.7.2000,2024-08-01 12:18:19,,,6.7.2000
2,ba480010-9809-439c-9bad-2efc83bbee1f,Yuniska Meisari,https://play-lh.googleusercontent.com/a-/ALV-UjV5jLhWwFKcxUNVD6gp7NkivElqg6kTPG5MspkDWATPaRiJv-ND,pengembalian dananya itu terlalu lama. 3 hari kerja belum kepotong sabtu minggu dan cuti pemerintah. orang kan ya butuh pengembalian uang buat berobat sakit ,1,3,6.4.2001,2024-04-11 1:05:15,,,6.4.2001
2,5be31212-9d99-483e-bf01-93a0420f08f8,Jessie Gabrielle Christina,https://play-lh.googleusercontent.com/a-/ALV-UjXTJf3uiMEQvK9x41SJ1vxBHYYwO-maLoV-UMAMu2tfKUoA904uDg,"respon dokter lama, disuruh tunggu 9 menit tp nyatanya 1 jam. minta refund banyak alasannya pdhl org lg skt disuruh nunggu lama",1,0,6.8.2000,2024-09-06 1:25:05,"Alo, (Jessie Gabrielle Christina)! Mohon maaf atas ketidaknyamanannya. Untuk dapat kami bantu lebih lanjut terkait kendala yang kamu alami, silakan hubungi Customer Service kami melalui WhatsApp dinomor 081288880256 atau email support@alodokter.com-GE",2024-09-06 8:08:18,6.8.2000
1,f82ceb5c-978b-4d8f-a642-de708a9dc76a,Valentino,https://play-lh.googleusercontent.com/a-/ALV-UjXCe78wDv9Rxj8VbZJxerB48V-8rMXni4_QplaE7VvVmozUpHTJ,harusnya ada target waktu untuk dokter membalas pesan kita. jika dlm waktu tertentu tidak di balas. uang kita harus dikembalikan,3,1,4.0.0,2022-03-08 9:39:23,,,4.0.0
1,abc68e6a-bfe0-440b-9d58-c217b7bef4de,Werkudoro 99,https://play-lh.googleusercontent.com/a-/ALV-UjVdZfDa8AxXchpXsmxE8HXqU875FzMgLnYT48zQbzDEik3qHyNhFw,"maap nag nanyak, , buat nanyak2 ke alodok, itu apa ada pembayaran duluu sihh",3,0,,2022-09-05 12:38:31,,,
2,59a6a1bf-390b-4a97-b865-0d7b53abe43f,Feny Erwina,https://play-lh.googleusercontent.com/a/ACg8ocIAEY3fJOxFcfspMgFKO86JbpjbaYTGStBYoO7j1YKKSBWTWw=mo,tidak bisa masuk ke aplikasinua,2,0,6.2.2000,2024-01-17 0:20:33,"Alo! Untuk informasi lebih lanjut dan respons lebih cepat terkait pertanyaan kamu silakan hubungi tim Customer Service kami melalui WhatsApp dinomor 081288880256 atau email support@alodokter.com.
Terima kasih.",2024-01-18 8:04:45,6.2.2000
1,ce4b74e0-d115-4118-b1af-5ae53c49605f,SVDVTPANDANG TV,https://play-lh.googleusercontent.com/a-/ALV-UjUCVoOIWOfzQhCGUxvChJsq1ilpyX-wS9YSfxVx8z_uT-3S-T4yFQ,fitur untuk menghapus percakapan konsultasi yang lebih dari satu tahun tidak ada. tolong sediakan,3,0,6.3.2000,2024-03-04 3:33:23,,,6.3.2000
0,84d2d040-8342-4e57-891d-58ffa3da46af,Terania Agustyaningrum,https://play-lh.googleusercontent.com/a-/ALV-UjVyJwwgaRhdzBUGx4M3Mikgrlsu4W__eYz3wA9nh2owt_hEpszw,sangat membantu dokternya ramah terimakasih dokter,5,0,6.8.2000,2024-09-03 12:30:56,,,6.8.2000
1,464ab387-1a87-4530-bdd4-865ace2fdb67,Drs Zulfitri,https://play-lh.googleusercontent.com/a/ACg8ocIWTWFVws6QH8jIQwc3EtjVs_9j2NrZmJp7x6GbD54hDeiVuQ=mo,saya baru mau coba konsul dengan dokter.tentang kesehatan.,3,1,3.9.2001,2022-01-22 0:31:01,,,3.9.2001
2,f5e11622-4a6a-433e-848f-337e2a28b1fb,andan pandan,https://play-lh.googleusercontent.com/a-/ALV-UjU5kMkfw605345jyhG1aIwN7KxDNZKIKIXxqXWFxvaDV2sGuqwF,dokternya lama jawabnya terus baru jawab chatnya langsung tertutup,1,0,6.8.2000,2024-08-29 12:11:48,"Alo, (andan pandan)! Mohon maaf atas ketidaknyamanannya. Untuk dapat kami bantu lebih lanjut terkait kendala yang kamu alami, silakan hubungi Customer Service kami melalui WhatsApp dinomor 081288880256 atau email support@alodokter.com-GE",2024-08-30 8:02:01,6.8.2000
0,7ec21f90-a690-4b0c-84fb-227e04d56c8d,Assyfa Rizki,https://play-lh.googleusercontent.com/a-/ALV-UjXKd704wx2WX1Bax98BSqwQw8abNkq9jA9vz_InEhrLdKPBZpw,dokter ramah dan juga sangat membantu keluh kesah yang sy alami..terimakasih banyak dok ,5,1,6.6.2000,2024-07-18 14:53:32,,,6.6.2000
0,5ee21e3e-bb21-4d00-8b7a-b525b90d403d,Indra Shanti,https://play-lh.googleusercontent.com/a/ACg8ocIIajHqWsEMGRPVSUyL-x8dn95rX47p4nFxmM_WpL_yBHI_-w=mo,"teliti, sabar, dan menenangkan. sangat membantu.",5,4,6.7.2000,2024-07-29 8:44:37,,,6.7.2000
1,b6166395-34d6-4ca7-8c8c-4ea1bea91a52,cat ies,https://play-lh.googleusercontent.com/a/ACg8ocLOEXzrn6txEqd3_pmFVQ7OHUgsiIIiAUWXCU1ZOA9vGu4lEQ=mo,adain payment via dana plisbuat yang psychologist,3,1,3.2.2000,2021-07-04 20:43:01,,,3.2.2000
1,c7e89112-556d-40f1-b70c-67c70ccb1e6c,Admin Admin,https://play-lh.googleusercontent.com/a/ACg8ocIyBcPaC9klsjKbtjCGRCfUAiKI2i9ulYlzrYO3OS7p59kG6g=mo,buatlah gratis dua atau tiga dokter.. gratis dengan pertanyaan2 simple yg mudah di jawab ko berbayar semua payah,3,1,3.2.2000,2021-07-09 3:59:52,,,3.2.2000
0,5c1feb4a-0576-4d5b-8475-ed6b81769a42,Anugrah Putradana,https://play-lh.googleusercontent.com/a-/ALV-UjVXy6w8vvDuP8zGAt6DAYwa4vLCqG3VWXHUmXSm6-DpXmC6XVoA,"dokter sangat ramah semua, konsultasi bisa menjelaskan dengan detail dan mudah dipahami (karna udh konsultasi di 3 spesialis berbeda), dan sangat membantu disaat urgent atau lagi ditempat lain",5,305,6.7.2000,2024-07-29 10:31:37,,,6.7.2000
2,5abec662-1ce6-4e89-8988-7f4181e17ee3,Fintha Dian,https://play-lh.googleusercontent.com/a-/ALV-UjVqN58QK-wIMT1qtN3YxOinUZZJ9dgGPjoqpENw12BmZBjpYZzC,lamaaaa respon,1,0,6.8.2000,2024-08-23 9:03:17,"Alo, Fintha Dian! Mohon maaf atas ketidaknyamanannya. Untuk dapat kami bantu lebih lanjut terkait kendala yang kamu alami, silakan hubungi Customer Service kami melalui WhatsApp dinomor 081288880256 atau email support@alodokter.com",2024-08-29 8:00:56,6.8.2000
0,ad37a283-97c7-4ef1-bdaa-a3e6648f5235,RIYANTI RIDZKI DEWI,https://play-lh.googleusercontent.com/a/ACg8ocKQ3fCFF8Zb9kVeREBWubnZFPNIqywN1ddppBkkjQ0o6GFgTw=mo,cepat respon dan penjelasan detail,5,0,6.8.2000,2024-09-03 6:17:02,,,6.8.2000
0,ce39e31b-b07a-4fe0-bda4-35fa49b3a71a,iii ko,https://play-lh.googleusercontent.com/a/ACg8ocIswLFaHg-ULG7cdB0qy865rjSusVA9GHzrOJ_6XTUF6DM4-Q=mo,pelayanan nya bagus dan dapet di percaya terimakasih banyak,5,0,6.7.2000,2024-07-23 5:32:27,,,6.7.2000
1,c4c3531e-19e4-4720-bf0c-b09efd6c08c6,AChan Adit Chrisna Andhina,https://play-lh.googleusercontent.com/a-/ALV-UjWNWt8DDV_dKqiBOW3yQhX9zxa6mSAMSbkjd4ZngF8_LHvdAr2r,"tolong perbaiki saat pemuatan foto lama banget, jadi saat lagi mengirim foto ke dokter harus menunggu lama karena pemuatan foto sangat lama, apalagi foto profil dokter memuatnya lama banget",3,3,3.9.2001,2022-01-09 15:35:33,,,3.9.2001
1,1001508e-3f4e-49ec-80ae-397e7e8cbf37,Deack Oct,https://play-lh.googleusercontent.com/a-/ALV-UjVF7WIFHCB7H5_Fc7sfj8IJE_PffkApwxTvY3xDZ4lbqhy9Eig,aku baru x ini konsultasi,3,0,3.7.2000,2021-11-25 11:09:34,,,3.7.2000
2,99521961-77c1-4b65-b6bc-eedb415bc02b,A N,https://play-lh.googleusercontent.com/a-/ALV-UjXyBSbhdtkHQRgIYBrdinQa2M-r-6b2JQb-TeZVru_3s_kgAyA,aneh sekali aplikasi ini saya bayar dan chat dokter. trus 30 menit dokter tidak balas chat di close otomatis oleh sistem dan uang tidak kembali,1,0,6.4.2001,2024-08-06 10:54:18,"Alo, (A N)! Mohon maaf atas ketidaknyamanannya. Untuk dapat kami bantu lebih lanjut terkait kendala yang kamu alami, silakan hubungi Customer Service kami melalui WhatsApp dinomor 081288880256 atau email support@alodokter.com-GE",2024-08-07 7:59:50,6.4.2001
1,db49022c-4b17-4904-8d35-497b138c8dfa,Rivaldi Rizki,https://play-lh.googleusercontent.com/a-/ALV-UjV3wu03qOxyZORRA9plZKob-VDYAAyUBi9c4VNNBSWpB6Fe0Vj_,apakah bertanya mengenai penyakit apa yang diderita harus membayar?,3,0,,2022-09-18 14:08:45,,,
2,ce025ac9-295f-4f75-ab51-f68dadd6c96f,Novietha Monique,https://play-lh.googleusercontent.com/a/ACg8ocKmI91e4oRS2sqeMC5c6KIa0Op6nfquPSt2Cw-YwatEgI-q8oM=mo,"transaksi di batalkan, kebuang sia"" duitnyaaa",2,0,6.5.2000,2024-05-06 14:48:49,,,6.5.2000
2,1eee6a15-07f1-4be8-b95c-b903feab3ba8,Ia Saripa,https://play-lh.googleusercontent.com/a-/ALV-UjX7ZhyhZrD4AAT25uD3BhnU9cTAvKc0yimLf5RNbderLGxHs5nI,"setiap pakai selalu bermasalah dengan upload gambar atau foto,padahal setingan hp sudah benar mengijinkan untuk upload foto. apa yg terjadi?saya sampai tidak nisa kirim gambar,padahal permasalahan selalu butuh gambar misal kulit",1,92,6.5.2000,2024-05-03 13:55:57,,,6.5.2000
1,143312b0-f0be-4142-9642-e4d5d35e7479,Ferry Satya,https://play-lh.googleusercontent.com/a/ACg8ocLMD6qYZdsx7vCmtj7Skr2ykKx6yhtKiHpkmSNR-InzBK_mDQ=mo,baru nyoba,3,0,4.0.0,2022-02-16 16:50:16,,,4.0.0
0,d0a00c13-dde7-4fd1-96f2-b085120e4ecc,Dewi Oktavian,https://play-lh.googleusercontent.com/a/ACg8ocL7idKhEDedNdwFjXpQaiSNOB1pv9sCwGRYtIYh4FQQlJdTBQ=mo,"dokternya ramah,penjelasannya mudah dimengerti sangat menbantu sekali",5,0,,2024-09-03 1:31:56,,,
0,a6354dad-864f-47df-bb92-afc55009dc45,Iwin Ardyawin,https://play-lh.googleusercontent.com/a-/ALV-UjXuSkX3q_F7WK7jHqKqIqdQrFnHqwU-mbdmwNLHom2DXOp69N8RMw,"respon sangat cepat sekali serta penjelasannya detail mudah dimengerti, trimaksih dok ",5,2,6.8.2000,2024-09-01 12:00:28,,,6.8.2000
2,fa2d125c-e9fe-4456-92bc-cbaeffcc8822,Vera Mita ba Palembang,https://play-lh.googleusercontent.com/a-/ALV-UjWK23eCpOeWj7f-N8aky2vJxw8qdntNGxJhNJ3cC1k6Ud4PkCE,terlalu lama dan bertele-tele,1,2,6.7.2000,2024-08-08 5:13:11,"Alo, (Vera Mita ba Palembang)! Mohon maaf atas ketidaknyamanannya. Untuk dapat kami bantu lebih lanjut terkait kendala yang kamu alami, silakan hubungi Customer Service kami melalui WhatsApp dinomor 081288880256 atau email support@alodokter.com-GE",2024-08-08 8:05:33,6.7.2000
2,4d4ed723-8fcc-4f29-bea0-f3cc7461ca75,Novia Putri,https://play-lh.googleusercontent.com/a/ACg8ocIveWULkCYvI68HJ39ZwcwKUUgLX2kBcdqMwOy3Da1wfvJyyw=mo,gak lengkap fiturnya,1,0,6.7.2000,2024-07-25 5:07:40,"Alo, Novia Putri! Mohon maaf atas ketidaknyamanannya. Untuk dapat kami bantu lebih lanjut terkait kendala yang kamu alami, silakan hubungi Customer Service kami melalui WhatsApp dinomor 081288880256 atau email support@alodokter.com",2024-07-25 8:03:32,6.7.2000
0,52ac3a99-e25d-4357-8894-fc9d6b7e86f7,Intan Irena Bias,https://play-lh.googleusercontent.com/a-/ALV-UjXP5IA8Rjuzhyqq1R1XM1x8ChXgIla1IgfWU_OdS3lyWNM2n1E,dokternya kompeten dan fast response,5,0,6.8.2000,2024-09-04 14:47:29,,,6.8.2000
0,5b559c48-c305-4b5f-89dd-7c6064e10b4c,DWI MIRA,https://play-lh.googleusercontent.com/a-/ALV-UjVinb6CGvguPuTLGQe_wq-ajRZIqaVe7so2jWjphyqzNyptxXw,"sangat bermanfaat sekali atas arahan yang diberikan oleh dokter di alodokter,aplikasi ini sangat membantu bila ibu bingung apa yang harus dilakukan segera bila ada keluarga yang sakit khususnya anak-anak",5,143,6.8.2000,2024-08-21 14:38:03,,,6.8.2000
0,1748c877-71d6-42e5-a6d1-7322f8fd93d5,Fadjar Diah Pangastuti,https://play-lh.googleusercontent.com/a/ACg8ocK8geVnLycSWTSxpOAXSeudVcvLY8U4ABLXWQdI-U1tECFy5g=mo,lega setelah mendengar penjelasan nya..,5,0,6.7.2000,2024-07-25 14:41:31,,,6.7.2000
1,783b3fb0-2f00-4cbe-9a7f-5462e3d68aef,muhimmatul ulya,https://play-lh.googleusercontent.com/a-/ALV-UjVQyS65GZ14qyGB4TablNJv7Ns9NKfecBhZFfaf7neN_BGC8Myn,pembayaran pakai shopeepay kok gaada se,3,0,3.6.2001,2021-10-28 22:29:02,,,3.6.2001
2,c6f045a7-754c-486b-b75a-ef5c482f03f6,Yopa Faldima,https://play-lh.googleusercontent.com/a/ACg8ocLXkHITSADGSEizeV_JmJk-r50Xp4BlDO2QVXGLNGFsEMOp=mo,aplikasi tidak bagus,1,0,,2024-04-18 6:43:16,,,
0,6d398a51-8a92-4b86-9c59-c0f89eae53b0,Arifna,https://play-lh.googleusercontent.com/a-/ALV-UjWy8xmBrpzWpkDfqfSb3MeLwpH1T0GNEiRYgtQZiXwOkxETOzU-,"dokternya baik, informasi yang diberikan jelas, sangat membantu.",5,2,6.8.2000,2024-09-03 7:50:13,,,6.8.2000
2,f7c8ea1a-c2a0-4989-beb4-606e4f02dd70,Najwa Nasir,https://play-lh.googleusercontent.com/a/ACg8ocLiNl0bi8ALClu52-uP_eQSVqmG0HnuRgWXb6KQ67mjoGS1=mo,mahal konsul lewat online aja bayar ...,2,0,6.8.2000,2024-08-26 3:34:45,,,6.8.2000
2,5f7be9e5-6840-4b71-abd2-f96036199780,budi setiawan,https://play-lh.googleusercontent.com/a/ACg8ocIZPpXQqVYw8IDFab6sryXqYtSbSLHl3n5fE6TQFW_GDSw_aQ=mo,paket obat nya lama banget. udah 12 hari masih belum sampai,1,0,6.8.2000,2024-09-06 8:12:09,"Alo, (budi setiawan)! Mohon maaf atas ketidaknyamanannya. Untuk dapat kami bantu lebih lanjut terkait kendala yang kamu alami, silakan hubungi Customer Service kami melalui WhatsApp dinomor 081288880256 atau email support@alodokter.com-GE",2024-09-06 7:59:04,6.8.2000
0,64e6bb00-1ceb-4149-ad45-43e8eb9f1fd7,Rahayu Lestari,https://play-lh.googleusercontent.com/a-/ALV-UjUzAxa73HFJV6a4o6T3_4LM16pa5-vEDhzSK0ZbvoNGQPYdQeI3,"penjelasannya sangat membantu,, semoga saya bisa menjadi lebh tenang setlh ini.",5,0,6.8.2000,2024-09-05 14:00:46,,,6.8.2000
1,d7075f12-8672-4964-9715-a3cdaf4283d0,sakina aidhasari,https://play-lh.googleusercontent.com/a-/ALV-UjUhZifzu4da24resqFc-NWGJZogP5ADaLc6iHsYR5tsZusKEiY,aplikasi tidak bisa di instal,3,0,,2022-02-26 23:51:38,,,
1,29408ae8-85f2-4f5c-9480-c0bcb0f9d661,Agus Suprianto,https://play-lh.googleusercontent.com/a-/ALV-UjWkIacyUgMrmCs7AwSHrtUEQevz2LW9lP5OqYvAeD0xD3OhCH5h,lumayan untuk pengikut baru seperti saya,3,0,6.3.2000,2024-02-07 18:20:06,,,6.3.2000
2,cb65dddc-3419-4640-8e9e-0c82bc09dcbd,indahbless,https://play-lh.googleusercontent.com/a-/ALV-UjWZkwc6Xoyd7sc-iINYij1DSqiCDIgvVViQx23ohEsru_0ifj0MiQ,"gak banget sama aplikasi ini, dokternya gadak yg tanggepin tiba-tiba waktunya habis, uang siasiaaa, auto un instal, bye",1,0,,2024-07-24 16:55:43,"Alo, indahbless! Mohon maaf atas ketidaknyamanannya. Untuk dapat kami bantu lebih lanjut terkait kendala yang kamu alami, silakan hubungi Customer Service kami melalui WhatsApp dinomor 081288880256 atau email support@alodokter.com",2024-07-25 8:01:38,
1,46223827-3ac3-4c7a-84fb-858780bd584b,Fitriyani Yani,https://play-lh.googleusercontent.com/a/ACg8ocLrHT36ewVn7TbGdwSN-bpXDjs1irYL_3pxcJryAi0t6M5xiQ=mo,ingin konsul tpi tdk ada aplikasi dana jdi tdk bisa konsultasi karna sy hanya punya aplikasi dana,3,0,6.8.2000,2024-09-05 16:23:36,,,6.8.2000
2,1aa68663-8cec-4465-80c0-3c355a13eff1,Detia Kurnia,https://play-lh.googleusercontent.com/a/ACg8ocIbS_8Zy2tcvEdGsapSjCxfbmQ85ymUzwhZG0Gt-I2-0WejsQ=mo,"parah, minta resep bukannya di kasih resep malah penjelasan panjang lebar di tungguin lama, chat di tutup. taunya resepnya ga dikasih. jadinya saya harus bayar 2x untuk chat dokter lagi,",1,4,6.8.2000,2024-08-22 12:50:31,"Alo, Detia Kurnia! Mohon maaf atas ketidaknyamanannya. Untuk dapat kami bantu lebih lanjut terkait kendala yang kamu alami, silakan hubungi Customer Service kami melalui WhatsApp dinomor 081288880256 atau email support@alodokter.com",2024-08-23 8:04:49,6.8.2000
0,a576aabf-f2fb-4655-91ec-a29a7e3623df,Simon 407472,https://play-lh.googleusercontent.com/a-/ALV-UjXkaGpap0Av2tRxEEp8kFN81TNqIqWJGj3XSxyU7AkKVDnvmyvQ,respon dan layanan dokter sangat memuaskan.,5,0,6.7.2000,2024-07-19 14:33:28,,,6.7.2000
2,dcb85ece-d665-48f9-9a4b-36999a8ad429,Nabilla Salsabilla Az Zahra_26,https://play-lh.googleusercontent.com/a/ACg8ocK5pDNNpALie6mhCr4JMCZ2sHELkmNPKzhT5EmHg8TXfh8wng=mo,gk dapet kode dan cara login nya sulit,1,0,,2024-04-01 16:18:56,"Alo, (Nabilla Salsabilla Az Zahra)! Mohon maaf atas ketidaknyamanannya. Untuk dapat kami bantu lebih lanjut terkait kendala yang kamu alami, silakan hubungi Customer Service kami melalui WhatsApp dinomor 081288880256 atau email support@alodokter.com-GE",2024-04-03 8:01:54,
1,6abc2a50-781a-42d9-b134-0c007e0e949f,Trust Yourself,https://play-lh.googleusercontent.com/a-/ALV-UjX-lpcxTJH0uOgb5voL8jVoUf5RyEusM43l9wI-yPHBlpm8JVWl,wah sekarang sudah tidak ada yg gratis di dokter umum ,3,0,1.8.2000,2022-03-08 10:43:49,"ALO Trust Yourself, Terima kasih telah menggunakan layanan Chat Bersama Dokter kami. Semoga sehat selalu. -RY",2022-05-20 7:17:49,1.8.2000
2,b604522d-2097-400d-9dfe-bfcbd6217ed0,Medyputri Auliah,https://play-lh.googleusercontent.com/a/ACg8ocKdjwkzmmFUz2FFxvmn2qjemZOJKBCJO5FrcY9cZ_-p_GRiRg=mo,"sebagai pengguna baru kesel sih pas daftar aakun d tahap gmail g mau masuk katanya coba cek email anda, email aku cuman 1 itu doang aku pake d apk lain tp d alodokter g mau masuk",2,2,6.3.2000,2024-01-31 17:22:29,"Alo, Medyputri Auliah! Mohon maaf atas ketidaknyamanannya. Untuk dapat kami bantu lebih lanjut terkait kendala yang kamu alami, silakan hubungi Customer Service kami melalui WhatsApp dinomor 081288880256 atau email support@alodokter.com",2024-02-01 8:01:50,6.3.2000
1,4fd258ab-786e-4604-972d-0c77bfe757eb,Benny Noor,https://play-lh.googleusercontent.com/a/ACg8ocKFnA7b_2hjxOgmGgoBGgvl9DzAcuLekPGLZLOuQx53thu0Xw=mo,chat yg jawab sistem saya pikir connect langsung ke aplikasi whatsapp dgn dokter langsung. keluhan pertanyaan sya tdk terjawab.,3,0,3.2.2000,2021-07-06 10:25:30,,,3.2.2000
1,c1ba0978-c3c7-479d-9373-1371b9677e7c,Hardiansyah Maulana,https://play-lh.googleusercontent.com/a/ACg8ocJtBS0I_5o9eSl7TiZl2AwI11pPQUWz9PDyon3l3uLiBFG_1Q=mo,cara klaim saldo gimana ya,3,0,,2022-04-02 17:37:41,,,
1,b8cb8c61-c279-46d8-b8f7-a92005236fac,Rizky Fadila,https://play-lh.googleusercontent.com/a/ACg8ocK9zxnzOQfNb3w8vTETusSUVM66b1IFV-fwVrahLiGtv6Fb6g=mo,smoga bermanfaat bagi kita smua,3,0,3.9.2001,2022-01-31 1:09:54,,,3.9.2001
0,6ac8231e-766f-4016-a59e-bb5ebd3e8222,Juna Idi,https://play-lh.googleusercontent.com/a/ACg8ocKMSlSL2kLd1eycuQOhWfimUwwlDH0wlxXGt65n1bIhDpe9sg=mo,makasih dokter cepat respon dokternya..... sekali lagi makasih,5,0,6.7.2000,2024-07-24 14:27:30,,,6.7.2000
1,e97a4533-4eb9-4f0b-adfe-999aa6d56201,Ikram Lapas,https://play-lh.googleusercontent.com/a-/ALV-UjXDC4ZWAxn0fW1lZi1DBqzbqZEMhWyAtYMYWOHQoM-dNQ1pox4,pakai biaya konsultasi kasian yg dalam keadaan emergency untuk ekonomi di bawah rata-rata,3,0,4.4.2000,2022-06-10 10:36:12,,,4.4.2000
1,7acca067-ac3a-4aca-a6d2-d3ee9c2d3c11,Ida Rahmawati,https://play-lh.googleusercontent.com/a-/ALV-UjXt1WG4--VbF4DUrX765MJlwcVBZAEOyXSPiCcf8aWl7QbBrZsS6w,respon cepat,3,0,4.0.0,2022-02-08 6:30:22,,,4.0.0
0,6c231b7c-fabf-42ab-abf8-9e5016d8dd4b,NenengBubur Booth,https://play-lh.googleusercontent.com/a/ACg8ocJTL_STbEpegQsxXV8uUYXW5Txrv-UqmylfoznaG8mOTiqmQw=mo,"sangat jelas arahan dokter venni, semoga allah mudahkan jg segala urusan dokter, jazaakillahu khairon",5,0,6.7.2000,2024-07-19 6:08:46,,,6.7.2000
1,2a5eaf0c-90a6-4266-8779-f3ba151493b3,VIKTOR DEGEI,https://play-lh.googleusercontent.com/a-/ALV-UjXxEzbak993_oeRDBYeUJ3xClhEGHamEMfIt-trJlgy8aWxqg6T,selamat mencoba,3,0,4.0.0,2022-02-23 12:26:02,,,4.0.0
2,6b0075f2-c0a6-4c63-8584-e47666096e8a,ELEN DEFRYSON,https://play-lh.googleusercontent.com/a/ACg8ocLIgvkFkVsXpT3F960eI9PK_PIcsQ3rAu39P2lsES90WtUSAA=mo,makin lemot,1,0,6.8.2000,2024-09-03 3:43:57,,,6.8.2000
2,de0940c8-c024-4848-8182-9f2612bc3a65,Cindi Anjani,https://play-lh.googleusercontent.com/a/ACg8ocJtCwIOTTzDdiZ0C0sQrbmr5viJDSg3-gCvRCqfeEpq8y0zn8U=mo,gimana si verifikasi nya. udh dpt kode nya tapi gabisa verifikasi. aneh,1,0,,2024-07-27 0:38:54,"Alo, Cindi Anjani! Mohon maaf atas ketidaknyamanannya. Untuk dapat kami bantu lebih lanjut terkait kendala yang kamu alami, silakan hubungi Customer Service kami melalui WhatsApp dinomor 081288880256 atau email support@alodokter.com -RY",2024-07-29 8:01:50,
0,17a46871-f0f5-4da1-826b-636cd9594ed7,Renita Siahaan,https://play-lh.googleusercontent.com/a/ACg8ocJNY-Kq1SO6LA1iWlKRVJp2ImpV1yppjNkU2NnWnh7SYXUJ0g=mo,"dokternya ramah,jawaban dapat dimengerti",5,0,6.7.2000,2024-08-11 23:51:25,,,6.7.2000
1,dbea8994-8673-40a9-9272-f0edadefc000,Endro Widodo,https://play-lh.googleusercontent.com/a-/ALV-UjWafBJDeKdCK5o7TujVI60K7a3xm1DRnBEZZ9KN4AjSPzI0zbbg,kalo bisa ada bpjs juga,3,0,5.5.2000,2023-05-17 5:03:19,,,5.5.2000
2,c33d2dfc-0cdf-4827-85e9-198bc2735edd,angga friza,https://play-lh.googleusercontent.com/a/ACg8ocIpis7yzSIez6VRzDse09bFmEthqKoQwiyoCoZg-SanvqZjdQ=mo,"buset lambat banget aplikasi ny lgi full trafic apa emng aplikasi sampah, padahal buka aplikasi lain lancar banget",1,13,6.4.2000,2024-03-16 13:02:31,"Alo, angga friza! Untuk dapat kami bantu lebih lanjut terkait kendala yang kamu lami, silakan hubungi Customer Service kami melalui WhatsApp dinomor 081288880256 atau email support@alodokter.com. -HR",2024-03-18 6:52:12,6.4.2000
2,6f841791-ae3e-42cb-af5a-4c3e43789642,Bg Feri,https://play-lh.googleusercontent.com/a/ACg8ocIQKBh1eyiENGVQidEcWTu7TMctNus2mijJCZ_j_9Ye-mdvAw=mo,apps tidak berfungsi. pendaftaran awal juga tidak bisa.. mohon di perbaiki,1,10,6.6.2000,2024-06-20 11:59:11,"Alo, Bg Feri! Untuk dapat kami bantu lebih lanjut terkait kendala yang kamu alami, silakan hubungi Customer Service kami melalui WhatsApp dinomor 081288880256 atau email support@alodokter.com. - RY",2024-06-24 8:02:19,6.6.2000
0,206a98e2-3d68-4fb2-8b68-d0b7770ddfba,Santy Geisca Tandyoga,https://play-lh.googleusercontent.com/a-/ALV-UjWjl9KT9kQMTfp97qKzkg0G-Jup--hgcEXim-fLDJp-a8gWJ5vH,penjelasan sangat akurat dan dokternya fast respon dan ramah,5,0,6.7.2000,2024-07-26 8:59:59,,,6.7.2000
2,df1c7a4c-e909-47e4-965d-e0d4ac336cd2,not cabe,https://play-lh.googleusercontent.com/a/ACg8ocKndEowWJtQ1pKnqxYuwiksMX5x1C6knltIJn9TMFftSNhV=mo,kode otp tdk bs di masukkan,1,1,6.4.2001,2024-03-30 13:16:54,"Alo, not cabe! Untuk dapat kami bantu lebih lanjut terkait kendala yang kamu alami, silakan hubungi Customer Service kami melalui WhatsApp dinomor 081288880256 atau email support@alodokter.com. -HR",2024-04-01 7:50:47,6.4.2001
0,e8077aa4-1595-4af2-ab53-91e93280ac37,Hasan Fadli,https://play-lh.googleusercontent.com/a-/ALV-UjUuoAQw5RjUEbhMPWE_sHI_K5g3o1gaN4r5aTSiSHth6fVpuuRV,sangat ramah dan membantu sekali,5,0,6.8.2000,2024-09-06 2:35:46,,,6.8.2000
1,0fcda6b5-4e6b-4e8e-b088-6ad89e025297,Amri M,https://play-lh.googleusercontent.com/a-/ALV-UjUqWeIpw2KZuENEHkStBl6P41qOEtB5w2G9gTEK1yNHlad_7sdG,tidak bisa login menggunakan no luar negri...,3,3,6.5.2000,2024-06-02 6:51:23,,,6.5.2000
2,44366ac6-c6bb-4a30-995c-8a66fb0658c6,Rendi Irawan,https://play-lh.googleusercontent.com/a/ACg8ocLZyOmaOGdy7axsjaGGt9B1aq4p40W8V34zfSTgHsT3SWEoyA=mo,di login nya nggk bisa masuk parah,1,0,6.5.2000,2024-06-13 7:53:43,"Alo, (Rendi Irawan)! Mohon maaf atas ketidaknyamanannya. Untuk dapat kami bantu lebih lanjut terkait kendala yang kamu alami, silakan hubungi Customer Service kami melalui WhatsApp dinomor 081288880256 atau email support@alodokter.com-GE",2024-06-14 8:03:38,6.5.2000
2,3433cf8d-37fe-4471-9b5e-d7690e7a255a,Vyrda Cyndi Puspita,https://play-lh.googleusercontent.com/a-/ALV-UjVIhuOXO2dzSFLMb-CEiF1DfzxA1CbEUR-Tba9_5G9aQ9sShxU,"apaan..barusan chat ,katanya disuruh tunggu 8 menit. lah ini lama banget ,udah set.jam dan gak dijawab2 pdhl udah bayar juga. komplen ke customer service malah gak ada jawaban. jangan download aplikasi ini, jelek banget",1,0,6.8.2000,2024-09-05 13:39:37,"Alo, (Vyrda Cyndi Puspita)! Mohon maaf atas ketidaknyamanannya. Untuk dapat kami bantu lebih lanjut terkait kendala yang kamu alami, silakan hubungi Customer Service kami melalui WhatsApp dinomor 081288880256 atau email support@alodokter.com-GE",2024-09-06 8:06:15,6.8.2000
1,642f46be-57e4-4a7d-ae6c-e47ae90120dd,Gigih Putra Giswara,https://play-lh.googleusercontent.com/a-/ALV-UjUDOUvMSknZ4aoFOXGYmByw-Smtxb3DdFLl1a_W-rEvnA_nQ8lE,kurang lengkap untuk info pcr area jawa tengah,3,0,3.3.2000,2021-07-20 19:51:17,,,3.3.2000
2,46b5d295-474a-42e2-905e-8d7b13b7caa7,Anita Purbasari,https://play-lh.googleusercontent.com/a-/ALV-UjWArn0vujGaOJBAILjavRmhB5D-mQkXW1MY4TG4X105fQPnSZdM,masa butuh obat sekarang dikirim 2-3 hari kemudian dan tidak dpt di cancel,1,0,6.8.2000,2024-08-22 11:55:40,"Alo, Anita Purbasari! Mohon maaf atas ketidaknyamanannya. Untuk dapat kami bantu lebih lanjut terkait kendala yang kamu alami, silakan hubungi Customer Service kami melalui WhatsApp dinomor 081288880256 atau email support@alodokter.com",2024-08-23 8:03:51,6.8.2000
1,adf12fb3-e9d1-47b2-8101-0d14acebe2ea,Powen Kenneth,https://play-lh.googleusercontent.com/a/ACg8ocKCmqZG49fyAwK9XshembunxBrHGvQEeZwTsBClJmdvaV5GbA=mo,ga bisa dihubungi,3,0,,2022-03-22 22:52:43,,,
1,557bbc01-7f04-4151-acce-888e43ae43b2,Shoohibul Qur'aan,https://play-lh.googleusercontent.com/a-/ALV-UjVK0scTnYn4CEN_cC7cysUIXDItt4T-QXI_F3Ibsw9uMdK8KjQ3,"tolong perbaiki fitur berbagi file,jangan hanya foto mohon juga supaya bisa kirim file video,supaya dokter tau keadaan pasien, contoh pasien bayi sedang kejang dll",3,0,,2021-07-26 4:45:04,,,
2,b8f9fe24-08e2-4fc7-a96e-d40a72e25acb,Nami Nami,https://play-lh.googleusercontent.com/a-/ALV-UjWw1M1H3tn6aR9deXrs0VCPur83kf1b3Ssah0q9pjtkcmMMaU3t,"dokternya kaya males malesan gitu, lowres bahkan pasien sedang bercerita mengenai kronologi awal mula dia sakit punlangsung dipotong, obat nya juga asal asalan, cuma dikasih antibiotik 1 dan pereda nyeri 1 padahal sebelumnya di dokter lain ada 7 obat dan hasil nya dapat di prediksi ngga ada efek apapun bahkan bisa saja malah resistensi antibiotik klo asal asalan gini",1,6,6.7.2000,2024-08-05 14:49:59,"Alo, Nami Nami! Mohon maaf atas ketidaknyamanannya. Untuk dapat kami bantu lebih lanjut terkait kendala yang kamu alami, silakan hubungi Customer Service kami melalui WhatsApp dinomor 081288880256 atau email support@alodokter.com

",2024-08-06 8:28:10,6.7.2000
2,00babece-20e3-4ab2-bdec-aee54d6ce145,Adrian Faris Parama,https://play-lh.googleusercontent.com/a-/ALV-UjUdhPNh-E9giCinaD7BlIsp08dhEjr5DNTbOJ_BltCCVUvrR3SO,harus ada sistem cancel dan refund agar jadi yang lebih baik,1,1,6.2.2000,2024-01-15 16:33:26,"Alo, Adrian Faris Parama! We do apologize for the inconvenience. For more information, do not hesitate to contact our customer service via WhatsApp at 081288880256 or email at support@alodokter.com.",2024-01-16 8:04:46,6.2.2000
0,de28e0c8-33cd-45fe-b5f5-91fe1a8fd28c,Septi Ratnasari,https://play-lh.googleusercontent.com/a-/ALV-UjVCFeWyqpKbnbxeiJMWa5XVBxA8e28jgxFruONnYEEjsXDnQSCt,membantu sekali saat dibutuhkan untuk konsultasi dokter. bisa 24 jam konsultasi dengan dokter mana pun dan spesialis apa pun. terima kasih alodokter ,5,22,6.7.2000,2024-08-13 21:37:51,,,6.7.2000
1,4ec77dc8-54ad-4cc7-a895-4a1201976a76,ONI TRESNIATI,https://play-lh.googleusercontent.com/a/ACg8ocLa8pMBZcAkyhH1-LGTkSdWS3Ky76MLCQ32eyJ310srTRFbBQ=mo,di usahakan pertanyaan di bolehkan lebih dari satu,3,0,3.8.2000,2021-12-12 8:16:01,,,3.8.2000
2,1b401b6d-ec18-4655-9515-5984fbae07b2,franky franky,https://play-lh.googleusercontent.com/a/ACg8ocLpO78s5K1m-ywP5ZKMrs40dRqxnjyBe1LeZbTelezzmXynSg=mo,"aplikasi brengsek. orang lagi sakit malah pesen obat dibatalkan melulu. chat apotek k24 kemanggisan katanya yg batalin aplikasi alodokter, chat alodokter katanya yang batalin apoteknya",1,0,6.8.2000,2024-09-03 6:16:04,"Alo, (franky franky)! Mohon maaf atas ketidaknyamanannya. Untuk dapat kami bantu lebih lanjut terkait kendala yang kamu alami, silakan hubungi Customer Service kami melalui WhatsApp dinomor 081288880256 atau email support@alodokter.com-GE",2024-09-06 8:01:59,6.8.2000
0,aba30ea3-3a91-491d-a359-a6b5bd37421b,Vina Lay,https://play-lh.googleusercontent.com/a/ACg8ocI_M-Sf5STkpiF_FxKt0kJ399hJeX4HKD9gUhxl7YHcdMfUsQ=mo,dokternya sangat baik..informatif dan sangat memberkatiiii..,5,0,6.8.2000,2024-08-29 13:22:06,,,6.8.2000
1,07830ba1-613d-4b6e-874b-ff53e48ca137,Mar Dwi,https://play-lh.googleusercontent.com/a/ACg8ocKcmRbOpdzQ0MVMVsXJCcWH5jPw5ykL4lv3Zx9zmQAJRoZtZg=mo,cara pengobatannya bagaimana belum ada solusinya,3,0,3.9.2001,2022-01-28 3:40:04,,,3.9.2001
2,339f38ff-27e2-46ce-b8da-66b306213184,putra nanda,https://play-lh.googleusercontent.com/a/ACg8ocL1Zcrb_cS9id4lUCTCSflSdkrpFhL0PtiW-VPsYr3r5tEA6Q=mo,"underrated bayar mahal² gaada jawaban. kenapa harus lolos verification google play sih, sama aja scam ini",1,1,6.8.2000,2024-09-05 20:15:17,"Alo, (putra nanda)! Mohon maaf atas ketidaknyamanannya. Untuk dapat kami bantu lebih lanjut terkait kendala yang kamu alami, silakan hubungi Customer Service kami melalui WhatsApp dinomor 081288880256 atau email support@alodokter.com-GE",2024-09-06 8:07:28,6.8.2000
